{
  "method": "conv2d",
  "n": 500,
  "rmse_log10_res": {
    "mean": 0.6176989061832427,
    "median": 0.5900143086910248,
    "p90": 0.907716524600983,
    "std": 0.21115460294497415,
    "n": 500
  },
  "sigma_coverage_1": 0.8120657552083334,
  "scenario_accuracy": 0.396,
  "time_per_section_s": 0.0035157980918884275,
  "per_scenario_rmse": {
    "0": 0.5418953895568848,
    "1": 0.6149111986160278,
    "2": 0.602615475654602,
    "3": 0.63896644115448,
    "4": 0.6951594352722168
  }
}