{
 "occam1d-stitched": {
  "nrms_2d": 7.782008704825537,
  "wall_time_s": 4.915471529000115
 },
 "neural1d-stitched": {
  "nrms_2d": 8.948142199033075,
  "wall_time_s": 0.025963140999920142
 },
 "hybrid1d-stitched": {
  "nrms_2d": 6.6889038468222894,
  "wall_time_s": 2.006690332999824
 },
 "unet-10k": {
  "nrms_2d": 5.733152874974525
 },
 "unet-10k-ft": {
  "nrms_2d": 4.539032381641118
 },
 "unet-60k": {
  "nrms_2d": 4.785346664968613
 },
 "unet-60k-ft": {
  "nrms_2d": 4.011052074178345
 },
 "unet-v3-tetm": {
  "nrms_2d": 4.355363078127771
 },
 "unet-v3-tetm-ft": {
  "nrms_2d": 4.04775458117325
 }
}