{
  "method": "conv2d",
  "n": 500,
  "rmse_log10_res": {
    "mean": 0.6172899580299854,
    "median": 0.5917299091815948,
    "p90": 0.8994037270545963,
    "std": 0.20990587587007364,
    "n": 500
  },
  "sigma_coverage_1": 0.8071171875,
  "scenario_accuracy": 0.414,
  "time_per_section_s": 0.004480055809020996,
  "per_scenario_rmse": {
    "0": 0.5939264893531799,
    "1": 0.5611037015914917,
    "2": 0.5772597789764404,
    "3": 0.596434473991394,
    "4": 0.7466105818748474
  }
}