{
  "profile": [
    "MTH15",
    "MTH16",
    "WYYS1",
    "WYYS2",
    "WYYS3",
    "WYH18",
    "WYH19"
  ],
  "nrms_mean": 6.254033273176071,
  "nrms_per_station": [
    4.534011338703109,
    8.850709442348155,
    6.045298061602992,
    5.426121917220078,
    6.78426650841454,
    4.072072355810805,
    8.065753288132814
  ]
}