{
 "profiles": {
  "G": {
   "v4-pre": 4.279663763412619,
   "v4-ft-YS": 3.9418964471967963,
   "v4-ft-joint": 3.876670427436354
  },
  "H-YS": {
   "v4-pre": 3.7241722940108644,
   "v4-ft-YS": 3.97839966687555,
   "v4-ft-joint": 3.913514438577733
  },
  "I": {
   "v4-pre": 8.310527842235844,
   "v4-ft-YS": 5.154384571013149,
   "v4-ft-joint": 5.237204995872585
  },
  "J": {
   "v4-pre": 5.3273296340250775,
   "v4-ft-YS": 6.277093002786806,
   "v4-ft-joint": 6.31804709572727
  },
  "K": {
   "v4-pre": 4.590578478083136,
   "v4-ft-YS": 5.837057122612255,
   "v4-ft-joint": 5.681814335002507
  }
 },
 "mean": {
  "v4-pre": 5.246454402353508,
  "v4-ft-YS": 5.037766162096911,
  "v4-ft-joint": 5.00545025852329
 }
}