{
 "profiles": {
  "G": {
   "v4-pre": 4.303630522728788,
   "v4-ft-YS": 3.9498382448884293,
   "v4-ft-joint": 3.8923101347075657
  },
  "H-YS": {
   "v4-pre": 4.908915965458933,
   "v4-ft-YS": 3.968362558775133,
   "v4-ft-joint": 3.9502684920713236
  },
  "I": {
   "v4-pre": 7.09974412380803,
   "v4-ft-YS": 5.262969524065369,
   "v4-ft-joint": 5.237156916499055
  },
  "J": {
   "v4-pre": 4.304940380458662,
   "v4-ft-YS": 7.366219326436688,
   "v4-ft-joint": 6.482784012476071
  },
  "K": {
   "v4-pre": 6.810036390131116,
   "v4-ft-YS": 5.899811550337215,
   "v4-ft-joint": 5.60084644541525
  }
 },
 "mean": {
  "v4-pre": 5.4854534765171055,
  "v4-ft-YS": 5.289440240900567,
  "v4-ft-joint": 5.0326732002338534
 }
}