{
 "profiles": {
  "G": {
   "v4-pre": 4.303630522728788,
   "v4-ft-YS": 4.279663763412619,
   "v4-ft-joint": 3.8923101347075657
  },
  "H-YS": {
   "v4-pre": 4.908915965458933,
   "v4-ft-YS": 3.7241722940108644,
   "v4-ft-joint": 3.9502684920713236
  },
  "I": {
   "v4-pre": 7.09974412380803,
   "v4-ft-YS": 8.310527842235844,
   "v4-ft-joint": 5.237156916499055
  },
  "J": {
   "v4-pre": 4.304940380458662,
   "v4-ft-YS": 5.3273296340250775,
   "v4-ft-joint": 6.482784012476071
  },
  "K": {
   "v4-pre": 6.810036390131116,
   "v4-ft-YS": 4.590578478083136,
   "v4-ft-joint": 5.60084644541525
  }
 },
 "mean": {
  "v4-pre": 5.4854534765171055,
  "v4-ft-YS": 5.246454402353508,
  "v4-ft-joint": 5.0326732002338534
 }
}