{
 "profiles": {
  "G": {
   "v4-pre": 4.303630522728788,
   "v4-ft-YS": 3.8923101347075657,
   "v4-ft-joint": 4.366545526826911
  },
  "H-YS": {
   "v4-pre": 4.908915965458933,
   "v4-ft-YS": 3.9502684920713236,
   "v4-ft-joint": 3.744817798497028
  },
  "I": {
   "v4-pre": 7.09974412380803,
   "v4-ft-YS": 5.237156916499055,
   "v4-ft-joint": 8.535066680337655
  },
  "J": {
   "v4-pre": 4.304940380458662,
   "v4-ft-YS": 6.482784012476071,
   "v4-ft-joint": 5.415820145290417
  },
  "K": {
   "v4-pre": 6.810036390131116,
   "v4-ft-YS": 5.60084644541525,
   "v4-ft-joint": 4.645852936463759
  }
 },
 "mean": {
  "v4-pre": 5.4854534765171055,
  "v4-ft-YS": 5.0326732002338534,
  "v4-ft-joint": 5.341620617483153
 }
}