{
 "profiles": {
  "G": {
   "v4-pre": 4.303630522728788,
   "v4-ft-YS": 3.8923101347075657,
   "v4-ft-joint": 4.0722435210192796
  },
  "H-YS": {
   "v4-pre": 4.908915965458933,
   "v4-ft-YS": 3.9502684920713236,
   "v4-ft-joint": 4.092802476716522
  },
  "I": {
   "v4-pre": 7.09974412380803,
   "v4-ft-YS": 5.237156916499055,
   "v4-ft-joint": 5.33203342581374
  },
  "J": {
   "v4-pre": 4.304940380458662,
   "v4-ft-YS": 6.482784012476071,
   "v4-ft-joint": 6.9966876424478635
  },
  "K": {
   "v4-pre": 6.810036390131116,
   "v4-ft-YS": 5.60084644541525,
   "v4-ft-joint": 5.096139504426903
  }
 },
 "mean": {
  "v4-pre": 5.4854534765171055,
  "v4-ft-YS": 5.0326732002338534,
  "v4-ft-joint": 5.1179813140848625
 }
}