{
 "profiles": {
  "G": {
   "v4-pre": 4.303630522728788,
   "v4-ft-YS": 4.402799545017717,
   "v4-ft-joint": 3.8985940936951713
  },
  "H-YS": {
   "v4-pre": 4.908915965458933,
   "v4-ft-YS": 4.004875209412868,
   "v4-ft-joint": 4.306495648583651
  },
  "I": {
   "v4-pre": 7.09974412380803,
   "v4-ft-YS": 8.583147939771106,
   "v4-ft-joint": 5.238451935731219
  },
  "J": {
   "v4-pre": 4.304940380458662,
   "v4-ft-YS": 5.314228462107808,
   "v4-ft-joint": 6.593277574352061
  },
  "K": {
   "v4-pre": 6.810036390131116,
   "v4-ft-YS": 4.56104192669464,
   "v4-ft-joint": 5.576400074790977
  }
 },
 "mean": {
  "v4-pre": 5.4854534765171055,
  "v4-ft-YS": 5.373218616600827,
  "v4-ft-joint": 5.122643865430616
 }
}