{
 "profiles": {
  "G": {
   "v4-pre": 4.303630522728788,
   "v4-ft-YS": 3.582067807384331,
   "v4-ft-joint": 4.303630522728788
  },
  "H-YS": {
   "v4-pre": 4.908915965458933,
   "v4-ft-YS": 4.354680257553944,
   "v4-ft-joint": 4.908915965458933
  },
  "I": {
   "v4-pre": 7.09974412380803,
   "v4-ft-YS": 5.497116592819618,
   "v4-ft-joint": 7.09974412380803
  },
  "J": {
   "v4-pre": 4.304940380458662,
   "v4-ft-YS": 7.911857394747503,
   "v4-ft-joint": 4.304940380458662
  },
  "K": {
   "v4-pre": 6.810036390131116,
   "v4-ft-YS": 5.474667480647846,
   "v4-ft-joint": 6.810036390131116
  }
 },
 "mean": {
  "v4-pre": 5.4854534765171055,
  "v4-ft-YS": 5.364077906630649,
  "v4-ft-joint": 5.4854534765171055
 }
}