{
  "profile": [
    "MTH15",
    "MTH16",
    "WYYS1",
    "WYYS2",
    "WYYS3",
    "WYH18",
    "WYH19"
  ],
  "nrms_mean": 4.672225536338978,
  "nrms_per_station": [
    1.753263878666665,
    8.496435565830584,
    3.762113895851855,
    3.8060500584084553,
    6.463002375667254,
    3.2144789056886975,
    5.21023407425933
  ]
}