{
  "method": "conv2d",
  "n": 500,
  "rmse_log10_res": {
    "mean": 0.6957472646534443,
    "median": 0.6691020131111145,
    "p90": 1.062342917919159,
    "std": 0.24976672059093435,
    "n": 500
  },
  "sigma_coverage_1": 0.7622877604166667,
  "scenario_accuracy": 0.406,
  "time_per_section_s": 0.0025209035873413085,
  "per_scenario_rmse": {
    "0": 0.6164005398750305,
    "1": 0.6956667304039001,
    "2": 0.6741873621940613,
    "3": 0.7165247797966003,
    "4": 0.7817968726158142
  }
}