{
 "unet": {
  "nrms_2d": 4.785346664968613,
  "nrms_1dcol": 6.160436202824586
 },
 "hybrid": {
  "nrms_2d": 6.853089842312183,
  "nrms_1dcol": 7.998628143143078,
  "wall_time_s": 109.71083839800008
 },
 "cold": {
  "nrms_2d": 5.149194264002549,
  "nrms_1dcol": 5.638702922688723,
  "wall_time_s": 111.44801397900005
 }
}