{
 "profiles": {
  "G": {
   "v4-pre": 5.04389672486347,
   "v4-ft-YS": 3.7168969376787904,
   "v4-ft-joint": 4.303630522728788
  },
  "H-YS": {
   "v4-pre": 4.313298398797383,
   "v4-ft-YS": 5.715514761981422,
   "v4-ft-joint": 4.908915965458933
  },
  "I": {
   "v4-pre": 7.21180756292518,
   "v4-ft-YS": 6.9779765994812735,
   "v4-ft-joint": 7.09974412380803
  },
  "J": {
   "v4-pre": 4.100813152966202,
   "v4-ft-YS": 8.954184664773903,
   "v4-ft-joint": 4.304940380458662
  },
  "K": {
   "v4-pre": 8.102273047091199,
   "v4-ft-YS": 4.540645299527206,
   "v4-ft-joint": 6.810036390131116
  }
 },
 "mean": {
  "v4-pre": 5.754417777328687,
  "v4-ft-YS": 5.98104365268852,
  "v4-ft-joint": 5.4854534765171055
 }
}