{
  "profile": [
    "MTH15",
    "MTH16",
    "WYYS1",
    "WYYS2",
    "WYYS3",
    "WYH18",
    "WYH19"
  ],
  "nrms_mean": 6.614635056392353,
  "nrms_per_station": [
    5.066045477662104,
    9.162825931441558,
    6.552771557279848,
    6.045736358279869,
    6.779402443539895,
    3.7615985375406775,
    8.934065089002521
  ]
}