{
  "method": "conv2d",
  "n": 500,
  "rmse_log10_res": {
    "mean": 0.6087734051346779,
    "median": 0.5955265760421753,
    "p90": 0.8511898636817933,
    "std": 0.1907333191434678,
    "n": 500
  },
  "sigma_coverage_1": 0.8118203125,
  "scenario_accuracy": 0.4,
  "time_per_section_s": 0.004205445766448975,
  "per_scenario_rmse": {
    "0": 0.5545592904090881,
    "1": 0.6010433435440063,
    "2": 0.5886090993881226,
    "3": 0.6034630537033081,
    "4": 0.6831156611442566
  }
}