{
  "method": "conv2d",
  "n": 500,
  "rmse_log10_res": {
    "mean": 0.6460575682520866,
    "median": 0.6255602240562439,
    "p90": 0.9471713483333588,
    "std": 0.22325000504157905,
    "n": 500
  },
  "sigma_coverage_1": 0.7503352864583334,
  "scenario_accuracy": 0.262,
  "time_per_section_s": 0.0037234554290771485,
  "per_scenario_rmse": {
    "0": 0.605665385723114,
    "1": 0.6217359900474548,
    "2": 0.6037389039993286,
    "3": 0.6517869830131531,
    "4": 0.7472593188285828
  }
}