{
  "profile": [
    "MTH15",
    "MTH16",
    "WYYS1",
    "WYYS2",
    "WYYS3",
    "WYH18",
    "WYH19"
  ],
  "nrms_mean": 6.540446630701782,
  "nrms_per_station": [
    5.76220795188366,
    8.3841785008799,
    8.786964418812877,
    8.396119288093837,
    6.590656851666358,
    5.118068341682221,
    2.7449310618936247
  ]
}