{
  "method": "conv2d",
  "n": 500,
  "rmse_log10_res": {
    "mean": 0.6636183372139931,
    "median": 0.640977531671524,
    "p90": 0.9537393867969512,
    "std": 0.20264431621456258,
    "n": 500
  },
  "sigma_coverage_1": 0.6909876302083333,
  "scenario_accuracy": 0.258,
  "time_per_section_s": 0.003409433841705322,
  "per_scenario_rmse": {
    "0": 0.627204179763794,
    "1": 0.6371138691902161,
    "2": 0.6189176440238953,
    "3": 0.6641535758972168,
    "4": 0.7707533836364746
  }
}