{
  "profile": [
    "MTH15",
    "MTH16",
    "WYYS1",
    "WYYS2",
    "WYYS3",
    "WYH18",
    "WYH19"
  ],
  "nrms_mean": 4.586811328229168,
  "nrms_per_station": [
    4.491692698408295,
    5.577225996295867,
    5.199398113184623,
    5.41135772482098,
    5.583062425105239,
    2.910567100929998,
    2.934375238859178
  ]
}