{
  "profile": [
    "MTH15",
    "MTH16",
    "WYYS1",
    "WYYS2",
    "WYYS3",
    "WYH18",
    "WYH19"
  ],
  "nrms_mean": 5.845404184573168,
  "nrms_per_station": [
    5.149287469230179,
    7.920930740354491,
    7.339259018277525,
    6.2577914346698735,
    5.816884625399595,
    5.029038389602731,
    3.40463761447778
  ]
}