{
  "method": "conv2d",
  "n": 500,
  "rmse_log10_res": {
    "mean": 0.6338872003555298,
    "median": 0.6023895442485809,
    "p90": 0.9410228908061982,
    "std": 0.2196939788034108,
    "n": 500
  },
  "sigma_coverage_1": 0.7850813802083333,
  "scenario_accuracy": 0.28,
  "time_per_section_s": 0.004067609310150147,
  "per_scenario_rmse": {
    "0": 0.5859517455101013,
    "1": 0.588824987411499,
    "2": 0.6412089467048645,
    "3": 0.6291837692260742,
    "4": 0.7138806581497192
  }
}