{
 "sreg": {
  "G": 3.489424269156025,
  "H-YS": 4.182612558206167,
  "I": 6.683539069661358,
  "J": 4.4781620428267415,
  "K": 6.758976216822609
 },
 "sreg_ft": {
  "G": 3.466051487554268,
  "H-YS": 3.987938283715557,
  "I": 6.378499554153091,
  "J": 4.576695786577333,
  "K": 6.734223471948667
 }
}