{
  "profile": [
    "MTH15",
    "MTH16",
    "WYYS1",
    "WYYS2",
    "WYYS3",
    "WYH18",
    "WYH19"
  ],
  "nrms_mean": 5.227666364529322,
  "nrms_per_station": [
    3.2276674276903345,
    8.618422092452246,
    4.1543583643921655,
    4.8451523184986005,
    6.595924107360181,
    3.036581017709125,
    6.115559223602599
  ]
}