{
  "profile": [
    "MTH15",
    "MTH16",
    "WYYS1",
    "WYYS2",
    "WYYS3",
    "WYH18",
    "WYH19"
  ],
  "nrms_mean": 4.60843459632962,
  "nrms_per_station": [
    2.1790960753325668,
    8.087178489162456,
    4.398211122208504,
    3.9160104296693743,
    6.71191812383179,
    2.8376087375468666,
    4.129019196555783
  ]
}