{
  "method": "conv2d",
  "n": 500,
  "rmse_log10_res": {
    "mean": 0.6246557463109493,
    "median": 0.5974438190460205,
    "p90": 0.9176108479499817,
    "std": 0.2094458158584986,
    "n": 500
  },
  "sigma_coverage_1": 0.7994895833333333,
  "scenario_accuracy": 0.4,
  "time_per_section_s": 0.0033239526748657226,
  "per_scenario_rmse": {
    "0": 0.5518682599067688,
    "1": 0.6208984851837158,
    "2": 0.6099131107330322,
    "3": 0.6440646052360535,
    "4": 0.7013295292854309
  }
}