{
  "profile": [
    "MTH15",
    "MTH16",
    "WYYS1",
    "WYYS2",
    "WYYS3",
    "WYH18",
    "WYH19"
  ],
  "nrms_mean": 6.160436202824586,
  "nrms_per_station": [
    5.600236581210942,
    7.556885854182469,
    6.362369927706036,
    6.085719878782929,
    6.927976403579698,
    5.977893732515641,
    4.611971041794401
  ]
}