{
  "profile": [
    "MTH15",
    "MTH16",
    "WYYS1",
    "WYYS2",
    "WYYS3",
    "WYH18",
    "WYH19"
  ],
  "nrms_mean": 5.166855878559062,
  "nrms_per_station": [
    4.754852581480639,
    5.841659837518268,
    4.815855891126815,
    4.959155669359155,
    6.510045547734899,
    4.676444816021475,
    4.609976806672179
  ]
}