{
  "method": "conv2d",
  "n": 500,
  "rmse_log10_res": {
    "mean": 0.6413521254360676,
    "median": 0.6078219711780548,
    "p90": 0.9530220627784729,
    "std": 0.2211990468568537,
    "n": 500
  },
  "sigma_coverage_1": 0.7184869791666667,
  "scenario_accuracy": 0.302,
  "time_per_section_s": 0.005602760314941406,
  "per_scenario_rmse": {
    "0": 0.5908629298210144,
    "1": 0.6007272005081177,
    "2": 0.6446274518966675,
    "3": 0.6411491632461548,
    "4": 0.7184165716171265
  }
}