{
  "method": "conv2d",
  "n": 500,
  "rmse_log10_res": {
    "mean": 0.6365492421537637,
    "median": 0.6056114435195923,
    "p90": 0.9477932989597321,
    "std": 0.22368808623139627,
    "n": 500
  },
  "sigma_coverage_1": 0.7550397135416667,
  "scenario_accuracy": 0.292,
  "time_per_section_s": 0.004308053493499756,
  "per_scenario_rmse": {
    "0": 0.5871579647064209,
    "1": 0.5946922302246094,
    "2": 0.6409361362457275,
    "3": 0.6368780732154846,
    "4": 0.7121977210044861
  }
}