{
  "method": "pimsr-neural",
  "n": 500,
  "rmse_log10_res": {
    "mean": 0.6166913960576057,
    "median": 0.6060477197170258,
    "p90": 0.8826279819011689,
    "std": 0.20251286068205449,
    "n": 500
  },
  "sigma_coverage_1": 0.41259375,
  "scenario_accuracy": 0.372,
  "time_per_station_s": 0.0018659076440071657,
  "per_scenario_rmse": {
    "0": 0.5531090908796987,
    "1": 0.5866501739678475,
    "2": 0.5513454383170163,
    "3": 0.695970211217278,
    "4": 0.7266154628853465
  }
}