{
  "method": "hybrid",
  "n": 500,
  "rmse_log10_res": {
    "mean": 0.7495876016560561,
    "median": 0.7249826959179293,
    "p90": 1.1452051081291321,
    "std": 0.3136807715160484,
    "n": 500
  },
  "nrms": {
    "mean": 0.7724401613189332,
    "median": 0.779213363171193,
    "p90": 0.9563943420358025,
    "std": 0.13186445487288545,
    "n": 500
  },
  "iterations": {
    "mean": 3.342,
    "median": 3.0,
    "p90": 4.0,
    "std": 0.8860225730758783,
    "n": 500
  },
  "converged_frac": 0.998,
  "time_per_station_s": 0.04441292095184326,
  "per_scenario_rmse": {
    "0": 0.6726041897636286,
    "1": 0.670382956708617,
    "2": 0.654679449582118,
    "3": 0.7841532346974419,
    "4": 1.0221556648197427
  }
}