{
  "method": "pimsr-neural",
  "n": 500,
  "rmse_log10_res": {
    "mean": 0.5141459572017193,
    "median": 0.49302347004413605,
    "p90": 0.7575813233852386,
    "std": 0.190826390695466,
    "n": 500
  },
  "sigma_coverage_1": 0.73515625,
  "scenario_accuracy": 0.372,
  "time_per_station_s": 0.0018297685459892818,
  "per_scenario_rmse": {
    "0": 0.45439188906522554,
    "1": 0.49231645249976563,
    "2": 0.4493903514963609,
    "3": 0.5893736817334828,
    "4": 0.6131102056350819
  }
}