{
  "method": "occam1d",
  "n": 500,
  "rmse_log10_res": {
    "mean": 0.7913686497437485,
    "median": 0.7714436766010729,
    "p90": 1.195828546272794,
    "std": 0.3187496230889296,
    "n": 500
  },
  "nrms": {
    "mean": 0.892255611563083,
    "median": 0.9032361688525334,
    "p90": 0.981316611585764,
    "std": 0.08376439200170284,
    "n": 500
  },
  "converged_frac": 0.998,
  "time_per_station_s": 0.08770888757705689,
  "per_scenario_rmse": {
    "0": 0.7124239401983431,
    "1": 0.7135439330364535,
    "2": 0.7032432126883349,
    "3": 0.8203695653488121,
    "4": 1.0623374250742215
  }
}