{
 "profiles": {
  "G": {
   "pretrained": 3.489424269156025,
   "ft-YS-only": 3.4656923973611113,
   "ft-joint-all": 3.589604557631015,
   "ft-loo": 3.723219298226929
  },
  "H-YS": {
   "pretrained": 4.182612558206167,
   "ft-YS-only": 3.9944970288689188,
   "ft-joint-all": 4.098535550541803,
   "ft-loo": 4.276445895222035
  },
  "I": {
   "pretrained": 6.683539069661358,
   "ft-YS-only": 6.376772628725884,
   "ft-joint-all": 5.624026829237806,
   "ft-loo": 6.845823301584402
  },
  "J": {
   "pretrained": 4.4781620428267415,
   "ft-YS-only": 4.574941976270721,
   "ft-joint-all": 3.4905430656538385,
   "ft-loo": 3.510458733623182
  },
  "K": {
   "pretrained": 6.758976216822609,
   "ft-YS-only": 6.7333393758635,
   "ft-joint-all": 4.685011490198439,
   "ft-loo": 6.058578167888439
  }
 },
 "mean": {
  "pretrained": 5.11854283133458,
  "ft-YS-only": 5.029048681418027,
  "ft-joint-all": 4.29754429865258,
  "ft-loo": 4.882905079308997
 }
}