{
 "profiles": {
  "G": {
   "occam1d": 7.700928068180187,
   "neural1d": 8.591340408871687,
   "unet-60k": 4.144631605605478,
   "unet-60k-ft-YS": 3.6924566334243085,
   "unet-60k-ft-self": 4.094902616403604
  },
  "H-YS": {
   "occam1d": 7.782008704825537,
   "neural1d": 6.48901166366273,
   "unet-60k": 4.785346664968613,
   "unet-60k-ft-YS": 4.468866712990514,
   "unet-60k-ft-self": 4.46661662014096
  },
  "I": {
   "occam1d": 5.460679777641702,
   "neural1d": 8.045120237123053,
   "unet-60k": 4.996363209780237,
   "unet-60k-ft-YS": 4.712465331705054,
   "unet-60k-ft-self": 5.566631811467737
  },
  "J": {
   "occam1d": 6.2583233619953225,
   "neural1d": 6.334865771617747,
   "unet-60k": 4.752660835701959,
   "unet-60k-ft-YS": 4.867277571159909,
   "unet-60k-ft-self": 5.7883394305161735
  },
  "K": {
   "occam1d": 5.178843004895472,
   "neural1d": 6.99793110781825,
   "unet-60k": 6.0169674321099995,
   "unet-60k-ft-YS": 5.649349457090412,
   "unet-60k-ft-self": 4.406483862910098
  }
 },
 "mean": {
  "occam1d": 6.476156583507644,
  "neural1d": 7.291653837818693,
  "unet-60k": 4.939193949633258,
  "unet-60k-ft-YS": 4.67808314127404,
  "unet-60k-ft-self": 4.864594868287714
 }
}