{
 "occam1d-stitched": {
  "nrms_2d": 7.782008704825537,
  "wall_time_s": 7.40208428699998
 },
 "neural1d-stitched": {
  "nrms_2d": 6.48901166366273,
  "wall_time_s": 0.03613616100028594
 },
 "hybrid1d-stitched": {
  "nrms_2d": 6.500336477285889,
  "wall_time_s": 2.9009600860003957
 },
 "unet-10k": {
  "nrms_2d": 5.733152874974525
 },
 "unet-10k-ft": {
  "nrms_2d": 4.521712709191608
 },
 "unet-60k": {
  "nrms_2d": 4.785346664968613
 },
 "unet-60k-ft": {
  "nrms_2d": 4.468866712990514
 },
 "hybrid2d-gn8": {
  "nrms_2d": 5.045900451729996,
  "wall_time_s": 41.33194216899983
 },
 "cold-gn25": {
  "nrms_2d": 4.895371060153301,
  "wall_time_s": 132.49931775100004
 }
}