{
  "method": "pimsr-neural",
  "n": 500,
  "rmse_log10_res": {
    "mean": 0.6541388225853443,
    "median": 0.6221815943717957,
    "p90": 0.9464062690734865,
    "std": 0.21439366891439016,
    "n": 500
  },
  "sigma_coverage_1": 0.71359375,
  "scenario_accuracy": 0.406,
  "time_per_station_s": 0.0018258180060256564,
  "per_scenario_rmse": {
    "0": 0.5891482974920008,
    "1": 0.6275181833980152,
    "2": 0.5651023889390322,
    "3": 0.7570813506841659,
    "4": 0.7568321290769076
  }
}