{
  "method": "hybrid",
  "n": 500,
  "rmse_log10_res": {
    "mean": 0.798017790061729,
    "median": 0.7700166819241698,
    "p90": 1.1495800430796008,
    "std": 0.2759792332522431,
    "n": 500
  },
  "nrms": {
    "mean": 1.9894277253467034,
    "median": 1.4966857723433762,
    "p90": 4.052673974446989,
    "std": 1.2460316578308797,
    "n": 500
  },
  "iterations": {
    "mean": 9.678,
    "median": 12.0,
    "p90": 12.0,
    "std": 3.630745928869163,
    "n": 500
  },
  "converged_frac": 0.302,
  "time_per_station_s": 0.16380485200881958,
  "per_scenario_rmse": {
    "0": 0.7483816258925581,
    "1": 0.7598101151248786,
    "2": 0.6862574936714873,
    "3": 0.8430259467359316,
    "4": 0.9755802424056551
  }
}