{
  "method": "pimsr-neural",
  "n": 500,
  "rmse_log10_res": {
    "mean": 0.5446630948483944,
    "median": 0.5202490389347076,
    "p90": 0.8127961874008179,
    "std": 0.1960679908231736,
    "n": 500
  },
  "sigma_coverage_1": 0.7683125,
  "scenario_accuracy": 0.386,
  "time_per_station_s": 0.0018823222339742643,
  "per_scenario_rmse": {
    "0": 0.48552869605245413,
    "1": 0.5218649847993573,
    "2": 0.46422747006783116,
    "3": 0.6396172675821516,
    "4": 0.6347067773342132
  }
}