{
  "method": "occam1d",
  "dataset": "v2 (real-calibrated noise)",
  "n": 500,
  "rmse_log10_res": {
    "mean": 0.9513967374496389,
    "median": 0.9218060716089838,
    "p90": 1.3641171465813828,
    "std": 0.32154260012219926,
    "n": 500
  },
  "nrms": {
    "mean": 1.9983816155403602,
    "median": 1.4764229259271575,
    "p90": 4.038804082283371,
    "std": 1.2270720437298912,
    "n": 500
  },
  "converged_frac": 0.308,
  "time_per_station_s": 0.3906745219230652,
  "per_scenario_rmse": {
    "0": 0.9592468308708993,
    "1": 0.9232455309918942,
    "2": 0.8325046822202311,
    "3": 0.9861976711561307,
    "4": 1.0701804625646474
  }
}